uav_id,path_length,mean_acceleration,max_acceleration,smoothness_cost
1,99.76107622783945,1.1960761651429737,2.8915589032591997,6.903071025778628
2,96.97595484302835,1.0809777258563762,2.3653083143208904,5.786445791106962
3,89.84988261866756,0.9728592231528637,2.4405094325887307,4.509501598853617
team,286.5869136895354,0.001114352231733261,0.005684923664536601,6.00469870756516e-06
