uav_id,sample_count,path_length,mean_speed,max_speed,mean_acceleration,max_acceleration,mean_jerk,max_jerk
1,1713,9.430866860117284,1.2870974804532938,147.98030888706063,12269.973992615753,11229698.235309137,916069875.4348643,856386297637.4412
2,1691,8.82292536685958,1.1247945004615194,46.58441794127735,2819.2418154400734,2341067.6363673382,120604352.6278029,119746836384.806
3,1692,9.366323055163218,1.186902211669265,53.59622370295972,2790.230378330539,2818846.575862289,134281616.74775043,149662145629.55322
